<!--
 * Copyright 2017 jagrosh.
 *
 * Licensed under the Apache License, Version 2.0 (the "License");
 * you may not use this file except in compliance with the License.
 * You may obtain a copy of the License at
 *
 *      http://www.apache.org/licenses/LICENSE-2.0
 *
 * Unless required by applicable law or agreed to in writing, software
 * distributed under the License is distributed on an "AS IS" BASIS,
 * WITHOUT WARRANTIES OR CONDITIONS OF ANY KIND, either express or implied.
 * See the License for the specific language governing permissions and
 * limitations under the License.
 -->
 

<configuration>
    <appender name="FILE" class="ch.qos.logback.core.rolling.RollingFileAppender">
        <rollingPolicy class="ch.qos.logback.core.rolling.TimeBasedRollingPolicy">
            <!-- daily rollover -->
            <fileNamePattern>logs/log.%d{yyyy-MM-dd}.txt</fileNamePattern>

            <!-- keep 30 days' worth of history capped at 1GB total size -->
            <maxHistory>30</maxHistory>
            <totalSizeCap>1GB</totalSizeCap>
        </rollingPolicy>
        <encoder>
            <!-- author: Kaidan Gustave  -->
            <pattern> 
                %nopex[%d{HH:mm:ss}] [%level] [%logger{0}]: %msg%n%ex
            </pattern>
        </encoder>
    </appender>

    <root level="INFO">
        <appender-ref ref="FILE"/>
    </root>
</configuration>
